{
  "evaluation_timestamp": "2025-10-02T22:48:44.626927",
  "models_evaluated": 4,
  "successful_evaluations": 3,
  "failed_evaluations": 1,
  "detailed_results": {
    "environmental_health_predictor": {
      "model_type": "regression",
      "metrics": {
        "rmse": 7.388372304890943,
        "mae": 1.5869874719071018,
        "r2": -0.013788075977819503,
        "mean_prediction": 80.3499984741211,
        "std_prediction": 0.0,
        "prediction_range": [
          80.3499984741211,
          80.3499984741211
        ]
      },
      "status": "success"
    },
    "multi_output_risk_classifier": {
      "model_type": "multi_classification",
      "metrics": {
        "aqi_risk": {
          "accuracy": 0.3356164383561644,
          "precision": 0.1126383936948771,
          "recall": 0.3356164383561644,
          "f1_score": 0.16866877414822617
        },
        "flood_risk": {
          "accuracy": 0.3013698630136986,
          "precision": 0.09082379433289547,
          "recall": 0.3013698630136986,
          "f1_score": 0.13958183129055515
        },
        "heat_risk": {
          "accuracy": 0.23972602739726026,
          "precision": 0.22129806976789335,
          "recall": 0.23972602739726026,
          "f1_score": 0.21438260565067152
        },
        "overall": {
          "average_accuracy": 0.2922374429223744,
          "average_f1": 0.17421107036315098
        }
      },
      "status": "success"
    },
    "time_series_forecaster": {
      "model_type": "time_series",
      "metrics": {
        "aqi_estimated": {
          "rmse": 29.64982461584649,
          "mae": 24.24096395172237,
          "mape": 54.25927232202654,
          "directional_accuracy": 0.48484848484848486
        },
        "flood_risk_score": {
          "rmse": 28.247298301748835,
          "mae": 25.07037884186673,
          "mape": Infinity,
          "directional_accuracy": 0.5555555555555556
        },
        "overall": {
          "average_rmse": 28.948561458797663,
          "average_mae": 24.655671396794553,
          "average_mape": Infinity,
          "average_directional_accuracy": 0.5202020202020202
        }
      },
      "models_evaluated": 2,
      "status": "success"
    },
    "anomaly_detection_system": {
      "model_type": "anomaly_detection",
      "status": "failed",
      "error": "'DBSCAN' object has no attribute 'predict'"
    }
  },
  "summary_metrics": {
    "environmental_health_predictor": {
      "r2_score": -0.013788075977819503,
      "rmse": 7.388372304890943
    },
    "multi_output_risk_classifier": {
      "average_accuracy": 0.2922374429223744,
      "average_f1": 0.17421107036315098
    },
    "time_series_forecaster": {
      "average_rmse": 28.948561458797663,
      "average_directional_accuracy": 0.5202020202020202
    }
  }
}