{
  "evaluation_timestamp": "2025-10-02T22:47:42.950729",
  "models_evaluated": 4,
  "successful_evaluations": 2,
  "failed_evaluations": 2,
  "detailed_results": {
    "environmental_health_predictor": {
      "model_type": "regression",
      "metrics": {
        "rmse": 7.388372304890943,
        "mae": 1.5869874719071018,
        "r2": -0.013788075977819503,
        "mean_prediction": 80.3499984741211,
        "std_prediction": 0.0,
        "prediction_range": [
          80.3499984741211,
          80.3499984741211
        ]
      },
      "status": "success"
    },
    "multi_output_risk_classifier": {
      "model_type": "multi_classification",
      "metrics": {
        "aqi_risk": {
          "accuracy": 0.3356164383561644,
          "precision": 0.1126383936948771,
          "recall": 0.3356164383561644,
          "f1_score": 0.16866877414822617
        },
        "flood_risk": {
          "accuracy": 0.3013698630136986,
          "precision": 0.09082379433289547,
          "recall": 0.3013698630136986,
          "f1_score": 0.13958183129055515
        },
        "heat_risk": {
          "accuracy": 0.23972602739726026,
          "precision": 0.22129806976789335,
          "recall": 0.23972602739726026,
          "f1_score": 0.21438260565067152
        },
        "overall": {
          "average_accuracy": 0.2922374429223744,
          "average_f1": 0.17421107036315098
        }
      },
      "status": "success"
    },
    "time_series_forecaster": {
      "model_type": "time_series",
      "status": "failed",
      "error": "X has 10 features, but RandomForestRegressor is expecting 700 features as input."
    },
    "anomaly_detection_system": {
      "model_type": "anomaly_detection",
      "status": "failed",
      "error": "X has 10 features, but StandardScaler is expecting 49 features as input."
    }
  },
  "summary_metrics": {
    "environmental_health_predictor": {
      "r2_score": -0.013788075977819503,
      "rmse": 7.388372304890943
    },
    "multi_output_risk_classifier": {
      "average_accuracy": 0.2922374429223744,
      "average_f1": 0.17421107036315098
    }
  }
}